timestamp,status,error,exception,message,path
1522972766614,405,Method Not Allowed,org.springframework.web.HttpRequestMethodNotSupportedException,Request method 'POST' not supported,/3e20358d-cba2-4fec-a329-360335bb2d94/Employee/findEmployeeByUsernameAndPassword//
1522972812130,405,Method Not Allowed,org.springframework.web.HttpRequestMethodNotSupportedException,Request method 'POST' not supported,/3e20358d-cba2-4fec-a329-360335bb2d94/Employee/findEmployeeByUsernameAndPassword//
1522973626397,405,Method Not Allowed,org.springframework.web.HttpRequestMethodNotSupportedException,Request method 'POST' not supported,/3e20358d-cba2-4fec-a329-360335bb2d94/Employee/findEmployeeByUsernameAndPassword//
1522973629993,405,Method Not Allowed,org.springframework.web.HttpRequestMethodNotSupportedException,Request method 'POST' not supported,/3e20358d-cba2-4fec-a329-360335bb2d94/Employee/findEmployeeByUsernameAndPassword//
1522973642881,405,Method Not Allowed,org.springframework.web.HttpRequestMethodNotSupportedException,Request method 'POST' not supported,/3e20358d-cba2-4fec-a329-360335bb2d94/Employee/findEmployeeByUsernameAndPassword//
1522973967217,405,Method Not Allowed,org.springframework.web.HttpRequestMethodNotSupportedException,Request method 'POST' not supported,/3e20358d-cba2-4fec-a329-360335bb2d94/Employee/findEmployeeByUsernameAndPassword//
1522975320151,405,Method Not Allowed,org.springframework.web.HttpRequestMethodNotSupportedException,Request method 'POST' not supported,/3e20358d-cba2-4fec-a329-360335bb2d94/Employee/findEmployeeByUsernameAndPassword//
1522975360218,405,Method Not Allowed,org.springframework.web.HttpRequestMethodNotSupportedException,Request method 'POST' not supported,/3e20358d-cba2-4fec-a329-360335bb2d94/Employee/findEmployeeByUsernameAndPassword//
1522992163880,500,Internal Server Error,org.springframework.web.multipart.MultipartException,Could not parse multipart servlet request; nested exception is java.io.IOException: The temporary upload location [C:\Users\gmpadmin\AppData\Local\Temp\tomcat.16584495700585055668.8089\work\Tomcat\localhost\ROOT] is not valid,/3e20358d-cba2-4fec-a329-360335bb2d94/Employee/findEmployeeByUsernameAndPassword/a/q
1522992172857,500,Internal Server Error,org.springframework.web.multipart.MultipartException,Could not parse multipart servlet request; nested exception is java.io.IOException: The temporary upload location [C:\Users\gmpadmin\AppData\Local\Temp\tomcat.16584495700585055668.8089\work\Tomcat\localhost\ROOT] is not valid,/3e20358d-cba2-4fec-a329-360335bb2d94/Employee/findEmployeeByUsernameAndPassword/a/q
1522992175145,500,Internal Server Error,org.springframework.web.multipart.MultipartException,Could not parse multipart servlet request; nested exception is java.io.IOException: The temporary upload location [C:\Users\gmpadmin\AppData\Local\Temp\tomcat.16584495700585055668.8089\work\Tomcat\localhost\ROOT] is not valid,/3e20358d-cba2-4fec-a329-360335bb2d94/Employee/findEmployeeByUsernameAndPassword/a/q
1522992179169,500,Internal Server Error,org.springframework.web.multipart.MultipartException,Could not parse multipart servlet request; nested exception is java.io.IOException: The temporary upload location [C:\Users\gmpadmin\AppData\Local\Temp\tomcat.16584495700585055668.8089\work\Tomcat\localhost\ROOT] is not valid,/3e20358d-cba2-4fec-a329-360335bb2d94/Employee/findEmployeeByUsernameAndPassword/q/a
1522992184529,500,Internal Server Error,org.springframework.web.multipart.MultipartException,Could not parse multipart servlet request; nested exception is java.io.IOException: The temporary upload location [C:\Users\gmpadmin\AppData\Local\Temp\tomcat.16584495700585055668.8089\work\Tomcat\localhost\ROOT] is not valid,/3e20358d-cba2-4fec-a329-360335bb2d94/Employee/findEmployeeByUsernameAndPassword//
1522992209707,500,Internal Server Error,org.springframework.web.multipart.MultipartException,Could not parse multipart servlet request; nested exception is java.io.IOException: The temporary upload location [C:\Users\gmpadmin\AppData\Local\Temp\tomcat.16584495700585055668.8089\work\Tomcat\localhost\ROOT] is not valid,/3e20358d-cba2-4fec-a329-360335bb2d94/Employee/findEmployeeByUsernameAndPassword//
1522992213285,500,Internal Server Error,org.springframework.web.multipart.MultipartException,Could not parse multipart servlet request; nested exception is java.io.IOException: The temporary upload location [C:\Users\gmpadmin\AppData\Local\Temp\tomcat.16584495700585055668.8089\work\Tomcat\localhost\ROOT] is not valid,/3e20358d-cba2-4fec-a329-360335bb2d94/Employee/findEmployeeByUsernameAndPassword/q/a
1522992214570,500,Internal Server Error,org.springframework.web.multipart.MultipartException,Could not parse multipart servlet request; nested exception is java.io.IOException: The temporary upload location [C:\Users\gmpadmin\AppData\Local\Temp\tomcat.16584495700585055668.8089\work\Tomcat\localhost\ROOT] is not valid,/3e20358d-cba2-4fec-a329-360335bb2d94/Employee/findEmployeeByUsernameAndPassword/q/a
1522992225753,500,Internal Server Error,org.springframework.web.multipart.MultipartException,Could not parse multipart servlet request; nested exception is java.io.IOException: The temporary upload location [C:\Users\gmpadmin\AppData\Local\Temp\tomcat.16584495700585055668.8089\work\Tomcat\localhost\ROOT] is not valid,/3e20358d-cba2-4fec-a329-360335bb2d94/Employee/findEmployeeByUsernameAndPassword/matt123456/123456matt
1522992234682,500,Internal Server Error,org.springframework.web.multipart.MultipartException,Could not parse multipart servlet request; nested exception is java.io.IOException: The temporary upload location [C:\Users\gmpadmin\AppData\Local\Temp\tomcat.16584495700585055668.8089\work\Tomcat\localhost\ROOT] is not valid,/3e20358d-cba2-4fec-a329-360335bb2d94/Employee/findEmployeeByUsernameAndPassword/matt123456/123456matt
1522992237081,500,Internal Server Error,org.springframework.web.multipart.MultipartException,Could not parse multipart servlet request; nested exception is java.io.IOException: The temporary upload location [C:\Users\gmpadmin\AppData\Local\Temp\tomcat.16584495700585055668.8089\work\Tomcat\localhost\ROOT] is not valid,/3e20358d-cba2-4fec-a329-360335bb2d94/Employee/findEmployeeByUsernameAndPassword/matt123456/123456matt
1522992407586,500,Internal Server Error,org.springframework.web.multipart.MultipartException,Could not parse multipart servlet request; nested exception is java.io.IOException: The temporary upload location [C:\Users\gmpadmin\AppData\Local\Temp\tomcat.16584495700585055668.8089\work\Tomcat\localhost\ROOT] is not valid,/3e20358d-cba2-4fec-a329-360335bb2d94/Employee/findEmployeeByUsernameAndPassword/matt123456/123456matt
1522993042801,500,Internal Server Error,org.springframework.web.multipart.MultipartException,Could not parse multipart servlet request; nested exception is java.io.IOException: The temporary upload location [C:\Users\gmpadmin\AppData\Local\Temp\tomcat.16584495700585055668.8089\work\Tomcat\localhost\ROOT] is not valid,/3e20358d-cba2-4fec-a329-360335bb2d94/Employee/findEmployeeByUsernameAndPassword//
1522993045481,500,Internal Server Error,org.springframework.web.multipart.MultipartException,Could not parse multipart servlet request; nested exception is java.io.IOException: The temporary upload location [C:\Users\gmpadmin\AppData\Local\Temp\tomcat.16584495700585055668.8089\work\Tomcat\localhost\ROOT] is not valid,/3e20358d-cba2-4fec-a329-360335bb2d94/Employee/findEmployeeByUsernameAndPassword//
1522993048827,500,Internal Server Error,org.springframework.web.multipart.MultipartException,Could not parse multipart servlet request; nested exception is java.io.IOException: The temporary upload location [C:\Users\gmpadmin\AppData\Local\Temp\tomcat.16584495700585055668.8089\work\Tomcat\localhost\ROOT] is not valid,/3e20358d-cba2-4fec-a329-360335bb2d94/Employee/findEmployeeByUsernameAndPassword/a/q
1522993162509,500,Internal Server Error,org.springframework.web.multipart.MultipartException,Could not parse multipart servlet request; nested exception is java.io.IOException: The temporary upload location [C:\Users\gmpadmin\AppData\Local\Temp\tomcat.16584495700585055668.8089\work\Tomcat\localhost\ROOT] is not valid,/3e20358d-cba2-4fec-a329-360335bb2d94/Employee/findEmployeeByUsernameAndPassword//
1522993166147,500,Internal Server Error,org.springframework.web.multipart.MultipartException,Could not parse multipart servlet request; nested exception is java.io.IOException: The temporary upload location [C:\Users\gmpadmin\AppData\Local\Temp\tomcat.16584495700585055668.8089\work\Tomcat\localhost\ROOT] is not valid,/3e20358d-cba2-4fec-a329-360335bb2d94/Employee/findEmployeeByUsernameAndPassword/a/a
1522993175446,500,Internal Server Error,org.springframework.web.multipart.MultipartException,Could not parse multipart servlet request; nested exception is java.io.IOException: The temporary upload location [C:\Users\gmpadmin\AppData\Local\Temp\tomcat.16584495700585055668.8089\work\Tomcat\localhost\ROOT] is not valid,/3e20358d-cba2-4fec-a329-360335bb2d94/Employee/findEmployeeByUsernameAndPassword/matt123456/123456matt
1522993176842,500,Internal Server Error,org.springframework.web.multipart.MultipartException,Could not parse multipart servlet request; nested exception is java.io.IOException: The temporary upload location [C:\Users\gmpadmin\AppData\Local\Temp\tomcat.16584495700585055668.8089\work\Tomcat\localhost\ROOT] is not valid,/3e20358d-cba2-4fec-a329-360335bb2d94/Employee/findEmployeeByUsernameAndPassword/matt123456/123456matt
1522993589270,500,Internal Server Error,org.springframework.web.multipart.MultipartException,Could not parse multipart servlet request; nested exception is java.io.IOException: The temporary upload location [C:\Users\gmpadmin\AppData\Local\Temp\tomcat.16584495700585055668.8089\work\Tomcat\localhost\ROOT] is not valid,/3e20358d-cba2-4fec-a329-360335bb2d94/Employee/findEmployeeByUsernameAndPassword/a/a
1522993724038,500,Internal Server Error,org.springframework.web.multipart.MultipartException,Could not parse multipart servlet request; nested exception is java.io.IOException: The temporary upload location [C:\Users\gmpadmin\AppData\Local\Temp\tomcat.16584495700585055668.8089\work\Tomcat\localhost\ROOT] is not valid,/3e20358d-cba2-4fec-a329-360335bb2d94/Employee/findEmployeeByUsernameAndPassword/1/1
1522993736047,500,Internal Server Error,org.springframework.web.multipart.MultipartException,Could not parse multipart servlet request; nested exception is java.io.IOException: The temporary upload location [C:\Users\gmpadmin\AppData\Local\Temp\tomcat.16584495700585055668.8089\work\Tomcat\localhost\ROOT] is not valid,/3e20358d-cba2-4fec-a329-360335bb2d94/Employee/findEmployeeByUsernameAndPassword/matt123456/123456matt
1522993738175,500,Internal Server Error,org.springframework.web.multipart.MultipartException,Could not parse multipart servlet request; nested exception is java.io.IOException: The temporary upload location [C:\Users\gmpadmin\AppData\Local\Temp\tomcat.16584495700585055668.8089\work\Tomcat\localhost\ROOT] is not valid,/3e20358d-cba2-4fec-a329-360335bb2d94/Employee/findEmployeeByUsernameAndPassword/matt123456/123456matt
1522993792289,500,Internal Server Error,org.springframework.web.multipart.MultipartException,Could not parse multipart servlet request; nested exception is java.io.IOException: The temporary upload location [C:\Users\gmpadmin\AppData\Local\Temp\tomcat.16584495700585055668.8089\work\Tomcat\localhost\ROOT] is not valid,/3e20358d-cba2-4fec-a329-360335bb2d94/Employee/findEmployeeByUsernameAndPassword/Lee123456/Lee48942
1522993793888,500,Internal Server Error,org.springframework.web.multipart.MultipartException,Could not parse multipart servlet request; nested exception is java.io.IOException: The temporary upload location [C:\Users\gmpadmin\AppData\Local\Temp\tomcat.16584495700585055668.8089\work\Tomcat\localhost\ROOT] is not valid,/3e20358d-cba2-4fec-a329-360335bb2d94/Employee/findEmployeeByUsernameAndPassword/Lee123456/Lee48942
1522993794107,500,Internal Server Error,org.springframework.web.multipart.MultipartException,Could not parse multipart servlet request; nested exception is java.io.IOException: The temporary upload location [C:\Users\gmpadmin\AppData\Local\Temp\tomcat.16584495700585055668.8089\work\Tomcat\localhost\ROOT] is not valid,/3e20358d-cba2-4fec-a329-360335bb2d94/Employee/findEmployeeByUsernameAndPassword/Lee123456/Lee48942
1522993795984,500,Internal Server Error,org.springframework.web.multipart.MultipartException,Could not parse multipart servlet request; nested exception is java.io.IOException: The temporary upload location [C:\Users\gmpadmin\AppData\Local\Temp\tomcat.16584495700585055668.8089\work\Tomcat\localhost\ROOT] is not valid,/3e20358d-cba2-4fec-a329-360335bb2d94/Employee/findEmployeeByUsernameAndPassword/Lee123456/Lee48942
1522993796224,500,Internal Server Error,org.springframework.web.multipart.MultipartException,Could not parse multipart servlet request; nested exception is java.io.IOException: The temporary upload location [C:\Users\gmpadmin\AppData\Local\Temp\tomcat.16584495700585055668.8089\work\Tomcat\localhost\ROOT] is not valid,/3e20358d-cba2-4fec-a329-360335bb2d94/Employee/findEmployeeByUsernameAndPassword/Lee123456/Lee48942
1522993798056,500,Internal Server Error,org.springframework.web.multipart.MultipartException,Could not parse multipart servlet request; nested exception is java.io.IOException: The temporary upload location [C:\Users\gmpadmin\AppData\Local\Temp\tomcat.16584495700585055668.8089\work\Tomcat\localhost\ROOT] is not valid,/3e20358d-cba2-4fec-a329-360335bb2d94/Employee/findEmployeeByUsernameAndPassword/Lee123456/Lee48942
1522993958936,500,Internal Server Error,org.springframework.web.multipart.MultipartException,Could not parse multipart servlet request; nested exception is java.io.IOException: The temporary upload location [C:\Users\gmpadmin\AppData\Local\Temp\tomcat.16584495700585055668.8089\work\Tomcat\localhost\ROOT] is not valid,/3e20358d-cba2-4fec-a329-360335bb2d94/Employee/findEmployeeByUsernameAndPassword/Lee123456/lEE48942
1522994086155,500,Internal Server Error,org.springframework.web.multipart.MultipartException,Could not parse multipart servlet request; nested exception is java.io.IOException: The temporary upload location [C:\Users\gmpadmin\AppData\Local\Temp\tomcat.16584495700585055668.8089\work\Tomcat\localhost\ROOT] is not valid,/3e20358d-cba2-4fec-a329-360335bb2d94/Employee/findEmployeeByUsernameAndPassword/Lee123456/Lee48942
0,0,null,null,null,null
0,0,null,null,null,null
0,0,null,null,null,null
0,0,null,null,null,null
1523000468312,405,Method Not Allowed,org.springframework.web.HttpRequestMethodNotSupportedException,Request method 'POST' not supported,/3e20358d-cba2-4fec-a329-360335bb2d94/Employee/findEmployeeByUsernameAndPassword//
1523000484471,405,Method Not Allowed,org.springframework.web.HttpRequestMethodNotSupportedException,Request method 'POST' not supported,/3e20358d-cba2-4fec-a329-360335bb2d94/Employee/findEmployeeByUsernameAndPassword//
1523000618171,405,Method Not Allowed,org.springframework.web.HttpRequestMethodNotSupportedException,Request method 'POST' not supported,/3e20358d-cba2-4fec-a329-360335bb2d94/Employee/findEmployeeByUsernameAndPassword//
1523232223387,405,Method Not Allowed,org.springframework.web.HttpRequestMethodNotSupportedException,Request method 'POST' not supported,/3e20358d-cba2-4fec-a329-360335bb2d94/Employee/findEmployeeByUsernameAndPassword//
1523242116000,405,Method Not Allowed,org.springframework.web.HttpRequestMethodNotSupportedException,Request method 'POST' not supported,/3e20358d-cba2-4fec-a329-360335bb2d94/Employee/findEmployeeByUsernameAndPassword//
